"Field","it-IT","en-US"
"App name","Libera la Mente","Libera la Mente"
"Short description","Respiro quadrato, pillole di calma e ASMR. Gratis, senza account né pubblicità.","Box breathing, calm pills and ASMR. Free, no account, no ads."
"Full description","Un minuto per calmare la mente. Senza account, senza pubblicità, senza abbonamenti nascosti.

🟧 RESPIRA
La respirazione quadrata (4‑4‑4‑4) guidata da un quadrato che respira con te: inspira, trattieni, espira, trattieni. Una voce calma dice la fase a voce alta e il telefono vibra a ogni cambio, così puoi farlo a occhi chiusi, in treno o prima di dormire. Scegli il ritmo (3‑6 secondi per lato) e la durata (1‑10 minuti o senza limite). Lo schermo resta acceso durante la sessione.

💊 UNA PILLOLA AL GIORNO
Frasi brevi da leggere in dieci secondi: pensieri originali, classici (Seneca, Marco Aurelio, Epitteto, Lao Tzu, Pascal) e idee ispirate a libri come Flow, Il potere di adesso, Libera la mente. Salva quelle che ti parlano, copiale, aggiungi le tue.

🎧 ASMR DA YOUTUBE
Suoni che rilassano, divisi per categoria: rumore bianco e marrone, barbiere, pulizie di casa, cura delle scarpe, fuoco che scoppietta, pioggia, temporale, onde, foresta, sussurri in italiano, tastiera, lo‑fi. Continuano mentre respiri. Timer di spegnimento per la notte. Puoi aggiungere i tuoi link YouTube.

🌅 SCENE CHE RESPIRANO
Sfondi a colori o con immagini che si espandono a ritmo del respiro. Con ""Spegni la mente"" un solo tocco sceglie scena, suono e ritmo per te. Dimmi come ti senti — ansioso, insonne, sovraccarico — e l'app prepara la combinazione giusta.

🌿 LA TUA OASI
Sessioni, minuti, giorni di fila. Pillole e suoni preferiti. Tutto resta sul telefono: nessun dato viene inviato a nessuno.

In italiano e in inglese. Gratuita per sempre: se ti aiuta, puoi offrire un caffè a chi la sviluppa.

I suoni sono video YouTube riprodotti con il player ufficiale e restano di proprietà dei rispettivi autori. Le ""pillole ispirate a"" sono parafrasi delle idee dei libri citati, non citazioni. L'app non fornisce consigli medici.","One minute to calm your mind. No account, no ads, no hidden subscriptions.

🟧 BREATHE
Box breathing (4‑4‑4‑4) guided by a square that breathes with you: inhale, hold, exhale, hold. A calm voice says each phase out loud and the phone vibrates on every change, so you can do it with your eyes closed, on the train or before sleep. Pick the pace (3‑6 seconds per side) and the length (1‑10 minutes or unlimited). The screen stays on during the session.

💊 ONE PILL A DAY
Short lines you can read in ten seconds: original thoughts, classics (Seneca, Marcus Aurelius, Epictetus, Lao Tzu, Pascal) and ideas inspired by books such as Flow, The Power of Now and The Headspace Guide to Meditation. Save the ones that speak to you, copy them, add your own.

🎧 ASMR FROM YOUTUBE
Relaxing sounds, sorted by category: white and brown noise, barber, house cleaning, shoe care, crackling fire, rain, thunderstorm, ocean waves, forest, Italian whispers, keyboard, lo‑fi. They keep playing while you breathe. Sleep timer for the night. Add your own YouTube links.

🌅 SCENES THAT BREATHE
Colour or photo backgrounds that expand with your breath. ""Switch off the mind"" picks a scene, a sound and a pace for you in one tap. Tell the app how you feel — anxious, sleepless, overloaded — and it prepares the right combination.

🌿 YOUR OASIS
Sessions, minutes, day streak. Favourite pills and sounds. Everything stays on your phone: no data is sent anywhere.

Italian and English. Free forever: if it helps, you can buy the developer a coffee.

Sounds are YouTube videos played with the official player and remain the property of their authors. Pills marked ""inspired by"" paraphrase the ideas of the books cited; they are not quotes. The app does not provide medical advice."
"Release notes","Novità 1.1:
• Mixer di suoni: pioggia, fuoco, vento, rumore bianco/rosa/marrone, senza copyright, anche a schermo spento e insieme a un video
• Metronomo tattile: un tocco a ogni secondo di Inspira ed Espira, per respirare a occhi chiusi
• Calendario delle ultime 4 settimane in Oasi
• 36 nuovi video ASMR e due categorie: Pagine di libri, Fusa di gatto
• 26 nuove pillole (Marco Aurelio, Seneca, Lao Tzu, Puddicombe…)
• 19 nuove pillole del mattino (Seneca, Van Gogh, Stevenson, Hawthorne…)","What's new in 1.1:
• Sound mixer: rain, fire, wind, white/pink/brown noise — copyright-free, works with the screen off and alongside a video
• Haptic metronome: a tap every second of Inhale and Exhale, to breathe with your eyes closed
• Last-4-weeks calendar in Oasis
• 36 new ASMR videos and two categories: Book pages, Cat purring
• 26 new pills (Marcus Aurelius, Seneca, Lao Tzu, Puddicombe…)
• 19 new morning pills (Seneca, Van Gogh, Stevenson, Hawthorne…)"
